Chr,Start,End,Length,N_Individuals,P_Individuals,Population
1,154810000,156130000,1.32,4,16.6666666666667,AFS
2,13030000,14270000,1.24,7,29.1666666666667,AFS
6,15560000,17030000,1.47,3,12.5,AFS
7,82050000,83680000,1.63,7,29.1666666666667,AFS
14,19660000,21150000,1.49,4,16.6666666666667,AFS
